{
    "es": {
        "app_title": "Administración del Servidor de Metin2",
        "language_menu": "Idioma",
        "config_menu": "Configuración",
        "about_menu": "Acerca de",
        "theme_menu": "Elegir Tema",
        "server_config_menu": "Configuración del Servidor",
        "dark_theme": "Oscuro",
        "light_theme": "Claro",
        "gestion_usuarios_tab": "Gestión de Usuarios",
        "servidor_tab": "Servidor",
        "btn_show_accounts": "Mostrar todas las cuentas de usuarios",
        "btn_create_account": "Crear nueva cuenta de usuario",
        "login_label": "Login:",
        "password_label": "Contraseña:",
        "create_account_title": "Crear Nueva Cuenta",
        "create_account_success": "La cuenta ha sido creada correctamente.",
        "create_account_error": "No se pudo crear la cuenta.",
        "server_statistics": "Mostrar estadísticas del servidor",
        "server_statistics_success": "Usuarios en línea: {online_users}\nTotal de personajes: {total_characters}",
        "server_statistics_error": "Hubo un error al obtener las estadísticas del servidor: {error}"
    },
    "en": {
        "app_title": "Metin2 Server Administration",
        "language_menu": "Language",
        "config_menu": "Settings",
        "about_menu": "About",
        "theme_menu": "Choose Theme",
        "server_config_menu": "Server Configuration",
        "dark_theme": "Dark",
        "light_theme": "Light",
        "gestion_usuarios_tab": "User Management",
        "servidor_tab": "Server",
        "btn_show_accounts": "Show all user accounts",
        "btn_create_account": "Create new user account",
        "login_label": "Login:",
        "password_label": "Password:",
        "create_account_title": "Create New Account",
        "create_account_success": "Account has been created successfully.",
        "create_account_error": "Failed to create account.",
        "server_statistics": "Show server statistics",
        "server_statistics_success": "Online users: {online_users}\nTotal characters: {total_characters}",
        "server_statistics_error": "Error obtaining server statistics: {error}"
    }
}